grupa1,A,0.0630759183136
grupa1,C,0.0170408706485
grupa1,D,0.0573901398943
grupa1,E,0.0452721874331
grupa1,F,0.0531806881109
grupa1,G,0.0942269591513
grupa1,H,0.0297295962329
grupa1,I,0.0662096822879
grupa1,K,0.0421054942401
grupa1,L,0.0913072350982
grupa1,M,0.0283081516281
grupa1,N,0.0406127029949
grupa1,P,0.0291094292818
grupa1,Q,0.03141996279
grupa1,R,0.0465180095385
grupa1,S,0.0606501325401
grupa1,T,0.0589762305923
grupa1,V,0.0704959689148
grupa1,W,0.021661937665
grupa1,Y,0.0527087026437
grupa10,A,0.0617471554057
grupa10,C,0.0210147881843
grupa10,D,0.0491456951188
grupa10,E,0.0449575627293
grupa10,F,0.050294651792
grupa10,G,0.0920647863311
grupa10,H,0.0373966865572
grupa10,I,0.0614877135762
grupa10,K,0.0474778547867
grupa10,L,0.109113820837
grupa10,M,0.0306141358734
grupa10,N,0.0432897223972
grupa10,P,0.0285386012379
grupa10,Q,0.0238315851896
grupa10,R,0.0421778288425
grupa10,S,0.0604499462585
grupa10,T,0.0438456691746
grupa10,V,0.0824283755235
grupa10,W,0.0201252733405
grupa10,Y,0.0499981468441
grupa11,A,0.0646168628393
grupa11,C,0.024101209064
grupa11,D,0.0647770037633
grupa11,E,0.0441988950276
grupa11,F,0.0514853070702
grupa11,G,0.10056850028
grupa11,H,0.0311474097206
grupa11,I,0.07302426135
grupa11,K,0.0570902394107
grupa11,L,0.104251741533
grupa11,M,0.0301064937145
grupa11,N,0.0341900872768
grupa11,P,0.0207382496597
grupa11,Q,0.0287452958604
grupa11,R,0.036832412523
grupa11,S,0.0554888301706
grupa11,T,0.0525262230763
grupa11,V,0.0683001040916
grupa11,W,0.012651132997
grupa11,Y,0.0451597405717
grupa12,A,0.0624622582626
grupa12,C,0.0163348776787
grupa12,D,0.0585295057926
grupa12,E,0.046964676271
grupa12,F,0.0505016162344
grupa12,G,0.094137407834
grupa12,H,0.0306297985923
grupa12,I,0.0632589577952
grupa12,K,0.0453865007637
grupa12,L,0.0892303476553
grupa12,M,0.0281788057626
grupa12,N,0.0459700704851
grupa12,P,0.0304724884935
grupa12,Q,0.0309038226354
grupa12,R,0.0476142147435
grupa12,S,0.0606658784247
grupa12,T,0.0567534240319
grupa12,V,0.0707438737866
grupa12,W,0.0215261109391
grupa12,Y,0.0497353638177
grupa13,A,0.0629642133693
grupa13,C,0.01351906761
grupa13,D,0.063969703197
grupa13,E,0.0444984293809
grupa13,F,0.0470598596718
grupa13,G,0.103543434225
grupa13,H,0.0290050788245
grupa13,I,0.0645935472507
grupa13,K,0.0390526377594
grupa13,L,0.0783254557731
grupa13,M,0.0252693538443
grupa13,N,0.0519331826322
grupa13,P,0.0320582450166
grupa13,Q,0.0293426885477
grupa13,R,0.0511478730587
grupa13,S,0.0609312156886
grupa13,T,0.0650045503919
grupa13,V,0.065114640519
grupa13,W,0.0256289815929
grupa13,Y,0.0470378416464
grupa14,A,0.0664370695053
grupa14,C,0.0176372364851
grupa14,D,0.0604257983719
grupa14,E,0.0468378209142
grupa14,F,0.0510749321645
grupa14,G,0.0900855771238
grupa14,H,0.0268837403465
grupa14,I,0.0657065330829
grupa14,K,0.0441452723857
grupa14,L,0.0860571905656
grupa14,M,0.0235232728032
grupa14,N,0.0402003757044
grupa14,P,0.0303276977666
grupa14,Q,0.0365685660614
grupa14,R,0.0540805677312
grupa14,S,0.0575662700898
grupa14,T,0.0631809643081
grupa14,V,0.0676894176581
grupa14,W,0.0207472343978
grupa14,Y,0.0508244625339
grupa15,A,0.0662094142375
grupa15,C,0.0215443332043
grupa15,D,0.0545107583384
grupa15,E,0.0530726256983
grupa15,F,0.0495879196858
grupa15,G,0.0734830466287
grupa15,H,0.0296200011063
grupa15,I,0.0542618507661
grupa15,K,0.0465180596272
grupa15,L,0.0856242048786
grupa15,M,0.0230377786382
grupa15,N,0.0411527186238
grupa15,P,0.0291774987555
grupa15,Q,0.0419547541346
grupa15,R,0.0516621494552
grupa15,S,0.0646329996128
grupa15,T,0.0548979478953
grupa15,V,0.0688367719454
grupa15,W,0.0279882736877
grupa15,Y,0.0622268930804
grupa16,A,0.0626115589872
grupa16,C,0.0181491995004
grupa16,D,0.057931191098
grupa16,E,0.0486817304417
grupa16,F,0.0529942091518
grupa16,G,0.0894424889293
grupa16,H,0.0318791870103
grupa16,I,0.0606676507324
grupa16,K,0.0443079368684
grupa16,L,0.0885432042693
grupa16,M,0.0283161121835
grupa16,N,0.0443578971273
grupa16,P,0.0298966731009
grupa16,Q,0.0312160781197
grupa16,R,0.0458430793687
grupa16,S,0.0616804814352
grupa16,T,0.0564210287271
grupa16,V,0.0702055183377
grupa16,W,0.0231951856478
grupa16,Y,0.0536595889633
grupa17,A,0.0651664145234
grupa17,C,0.0215733736762
grupa17,D,0.0607034795764
grupa17,E,0.0476928895613
grupa17,F,0.0511951588502
grupa17,G,0.0878139183056
grupa17,H,0.0314069591528
grupa17,I,0.0609833585477
grupa17,K,0.0434947049924
grupa17,L,0.0802571860817
grupa17,M,0.0233736762481
grupa17,N,0.0417473524962
grupa17,P,0.0298562783661
grupa17,Q,0.0351059001513
grupa17,R,0.0489258698941
grupa17,S,0.0633736762481
grupa17,T,0.0591906202723
grupa17,V,0.0664523449319
grupa17,W,0.0238275340393
grupa17,Y,0.0578593040847
grupa18,A,0.0629253203712
grupa18,C,0.0178082191781
grupa18,D,0.0535130357932
grupa18,E,0.0452054794521
grupa18,F,0.053866548829
grupa18,G,0.0963764913831
grupa18,H,0.0318603623509
grupa18,I,0.0645603181617
grupa18,K,0.0457799381352
grupa18,L,0.0998674326116
grupa18,M,0.0363676535572
grupa18,N,0.0397702165267
grupa18,P,0.0277507733098
grupa18,Q,0.0271321254971
grupa18,R,0.0430844012373
grupa18,S,0.0590366769775
grupa18,T,0.0540874944764
grupa18,V,0.0715422006186
grupa18,W,0.0175872735307
grupa18,Y,0.0518780380027
grupa19,A,0.0592344144255
grupa19,C,0.0188319281187
grupa19,D,0.0508031263462
grupa19,E,0.0483722075205
grupa19,F,0.057234291341
grupa19,G,0.0821281309619
grupa19,H,0.0341867191827
grupa19,I,0.0712043818081
grupa19,K,0.0509877530925
grupa19,L,0.0979137177672
grupa19,M,0.0343405748046
grupa19,N,0.0359714443966
grupa19,P,0.0274170718198
grupa19,Q,0.0295095082774
grupa19,R,0.0373253738692
grupa19,S,0.0539725521571
grupa19,T,0.0510185242169
grupa19,V,0.0833897470614
grupa19,W,0.0195396639793
grupa19,Y,0.0566188688535
grupa2,A,0.0613335595521
grupa2,C,0.0124703087886
grupa2,D,0.0674414658975
grupa2,E,0.0528503562945
grupa2,F,0.0508143875127
grupa2,G,0.0812690872073
grupa2,H,0.0371564302681
grupa2,I,0.0390227349847
grupa2,K,0.0302850356295
grupa2,L,0.0592975907703
grupa2,M,0.0187478791992
grupa2,N,0.0787241262301
grupa2,P,0.0356294536817
grupa2,Q,0.0425856803529
grupa2,R,0.0509840515779
grupa2,S,0.0675262979301
grupa2,T,0.0526806922294
grupa2,V,0.0536138445877
grupa2,W,0.0461486257211
grupa2,Y,0.0614183915847
grupa20,A,0.0597024941282
grupa20,C,0.0175595570965
grupa20,D,0.0546023934683
grupa20,E,0.054714237781
grupa20,F,0.0534168437535
grupa20,G,0.0868582932558
grupa20,H,0.0263281512135
grupa20,I,0.0709540319875
grupa20,K,0.0682697684823
grupa20,L,0.113499608545
grupa20,M,0.0330611788391
grupa20,N,0.0411139693547
grupa20,P,0.0263728889386
grupa20,Q,0.0282966111173
grupa20,R,0.0351638519181
grupa20,S,0.0452298400626
grupa20,T,0.0416508220557
grupa20,V,0.0848450956269
grupa20,W,0.0130410468628
grupa20,Y,0.0453193155128
grupa3,A,0.0601198764909
grupa3,C,0.0213265120785
grupa3,D,0.0490857903978
grupa3,E,0.0502209844403
grupa3,F,0.0556850517648
grupa3,G,0.0851244172671
grupa3,H,0.032345462251
grupa3,I,0.0637676333475
grupa3,K,0.0583187019435
grupa3,L,0.114927044863
grupa3,M,0.0325725010595
grupa3,N,0.0404734515953
grupa3,P,0.0250499485379
grupa3,Q,0.0297118120724
grupa3,R,0.0420627232548
grupa3,S,0.0492976932857
grupa3,T,0.0398074710904
grupa3,V,0.0855330871224
grupa3,W,0.0174819882545
grupa3,Y,0.047087848883
grupa4,A,0.0624106881532
grupa4,C,0.0188437236369
grupa4,D,0.0511165056901
grupa4,E,0.0492915310848
grupa4,F,0.0564881290567
grupa4,G,0.0798770724653
grupa4,H,0.0326429419968
grupa4,I,0.0682127300587
grupa4,K,0.0488180706919
grupa4,L,0.10288724756
grupa4,M,0.0344937417144
grupa4,N,0.0394693800251
grupa4,P,0.0293631527297
grupa4,Q,0.0301809479538
grupa4,R,0.0418883322142
grupa4,S,0.0549730557995
grupa4,T,0.049833858444
grupa4,V,0.0770535268495
grupa4,W,0.0199283783551
grupa4,Y,0.0522269855207
grupa5,A,0.0574640164496
grupa5,C,0.017847840987
grupa5,D,0.0532693625771
grupa5,E,0.0439204934887
grupa5,F,0.057491432488
grupa5,G,0.0859218642906
grupa5,H,0.0293351610692
grupa5,I,0.0630294722413
grupa5,K,0.0485812200137
grupa5,L,0.101686086361
grupa5,M,0.0300205620288
grupa5,N,0.0375325565456
grupa5,P,0.0300205620288
grupa5,Q,0.0301028101439
grupa5,R,0.0456202878684
grupa5,S,0.0636600411241
grupa5,T,0.0512954078136
grupa5,V,0.0760246744345
grupa5,W,0.0236326250857
grupa5,Y,0.0535435229609
grupa6,A,0.0616380290165
grupa6,C,0.0183833656482
grupa6,D,0.0583191816541
grupa6,E,0.0488359965234
grupa6,F,0.0528474961556
grupa6,G,0.0908337233402
grupa6,H,0.0314956207796
grupa6,I,0.0616941900114
grupa6,K,0.0452229725212
grupa6,L,0.0888146018587
grupa6,M,0.028083171759
grupa6,N,0.0433322190279
grupa6,P,0.0293882463061
grupa6,Q,0.0307521561811
grupa6,R,0.0441906799492
grupa6,S,0.0604532994584
grupa6,T,0.0552784649328
grupa6,V,0.0713378351274
grupa6,W,0.0236116868356
grupa6,Y,0.0554870629137
grupa7,A,0.0624396025386
grupa7,C,0.0183018139525
grupa7,D,0.058770879387
grupa7,E,0.0487040210878
grupa7,F,0.0526825693848
grupa7,G,0.0897829010945
grupa7,H,0.031626754139
grupa7,I,0.0606962213627
grupa7,K,0.0441205760781
grupa7,L,0.0872797106331
grupa7,M,0.0277637755391
grupa7,N,0.0448139942609
grupa7,P,0.0299079622603
grupa7,Q,0.0315087255121
grupa7,R,0.0463631199884
grupa7,S,0.0614289824211
grupa7,T,0.0565234176172
grupa7,V,0.070106545425
grupa7,W,0.0236253968098
grupa7,Y,0.0535530305079
grupa8,A,0.0620805462113
grupa8,C,0.0161325183022
grupa8,D,0.0589715311761
grupa8,E,0.0472060429055
grupa8,F,0.0504258962664
grupa8,G,0.0943012474854
grupa8,H,0.0301535665002
grupa8,I,0.062972794733
grupa8,K,0.0453882943644
grupa8,L,0.0888369180295
grupa8,M,0.0279201742378
grupa8,N,0.0468402764308
grupa8,P,0.0304860814773
grupa8,Q,0.0307576353752
grupa8,R,0.0480040788504
grupa8,S,0.0608391569637
grupa8,T,0.0568268095742
grupa8,V,0.0704045044696
grupa8,W,0.0218240663257
grupa8,Y,0.0496278603215
grupa9,A,0.0622853404569
grupa9,C,0.0192989151175
grupa9,D,0.0516273237747
grupa9,E,0.0461075069509
grupa9,F,0.0583465082048
grupa9,G,0.0831107234367
grupa9,H,0.0342228643079
grupa9,I,0.0688409747588
grupa9,K,0.0471296952516
grupa9,L,0.102314234313
grupa9,M,0.0344273019681
grupa9,N,0.039115738974
grupa9,P,0.0303249195879
grupa9,Q,0.0283350596958
grupa9,R,0.0409284195606
grupa9,S,0.054339530066
grupa9,T,0.0503734394592
grupa9,V,0.0800032710026
grupa9,W,0.0186583437824
grupa9,Y,0.0502098893311
