grupa;A;C;D;E;F;G;H;I;K;L;M;N;P;Q;R;S;T;V;W;Y
1;3978.1780821933503;5055.085530537293;19918.3715294491;8331.463007733098;2218.7932524182784;8466.580847363155;7413.330875585727;2342.697809011774;13883.098792664545;2772.4444311224674;3144.517587943883;16502.465491745505;2439.2456305180813;15196.66469153669;24633.28031016203;14203.797425045466;13218.566793370237;2071.6972754796034;9417.278787860567;23047.55525577054
2;359.1176470585964;74.45121951226957;3026.152897655684;2300.156985869163;498.7745098034252;708.1799999998435;1778.9403973527724;51.087866108837694;2448.0445544578934;351.728395061491;162.0796460178612;2421.607515656955;113.0555555556686;2658.43930636104;2395.996860280378;523.7132352938578;530.8695652169157;170.37209302310367;1470.547445256945;994.4058744987058
3;1379.265920397089;2649.8058455092073;4780.3608404412;2455.699043632904;487.3496352338011;1917.2890937560705;965.901585822257;189.51205673745093;1888.362811202465;1377.7410259712492;2493.329995446061;1365.860594796559;201.092715231858;1127.1970223340636;3384.240456653262;1654.9383685796945;1925.0864520952173;396.595425178869;1098.923809524949;2591.4041335453526
4;817.167724137409;2494.199177702015;6103.703603910991;3996.629758996242;778.9247180736854;1051.6159068860602;4074.3876582275593;425.14058556290365;4363.138423562106;1098.2896586294876;2000.3628649887748;5599.277208293066;851.4072119617184;4439.887050768676;6660.56596794799;4438.538051985447;2829.4016237664296;739.7455032958025;1906.8285097204196;3427.3469589596343
5;295.8373091604239;280.14592933912274;2571.8347915598115;1115.652309612752;243.5145445875292;547.0086151883215;1772.6168224314474;111.05915615478146;2490.6743792329166;118.01024534859471;599.5890410956276;2717.640613585051;166.5525114154521;3056.193078327698;6159.540264423484;1586.5525409119487;994.2410475675821;52.61449693475832;1734.8897911814681;3772.631848440565
6;21139.536547579166;51259.09127552507;128695.84435558613;71316.5374360471;9847.207912843152;65687.19229983143;43083.07743989198;16636.85907136451;59389.39835489942;13641.371095497052;17614.649023478207;107033.56658722405;14692.168079334599;95638.07982107252;103305.67669174209;77196.27991400819;63999.17054600988;15438.107464462326;99002.63231157012;110640.21457904603
7;24807.152820502983;51494.762411371696;186528.2618164735;119257.27923705596;19850.885441539664;70497.75955607291;83769.43205054894;11859.732425327964;151371.89634059055;13081.307392995413;19343.103586694488;179701.1535137032;13895.712393964419;142500.7479525454;241475.6075645848;97067.235556391;85511.7136544941;10454.298832923143;149460.43761436464;141135.49645088153
8;5052.357743306533;4260.334337351268;40222.08460896604;21706.069214888324;6541.387972843792;14913.49913882436;19282.11386938534;2465.8191773727567;56274.16866028635;2518.147447667491;3187.0533773292163;43539.53300019134;1868.8443220191966;39079.374384194;74205.78269634407;21888.76271186678;20315.764359086817;2685.106961341888;33902.97758966006;29137.592037597355
9;481.6542669580381;2176.288135591361;2188.7634635707327;1171.1758793964884;308.50175192693354;673.7999344049933;1548.672242135077;275.99841615507074;1676.225563909583;752.5834554402408;1713.7561361813603;2019.6473867593509;329.76179775230526;3458.6127946123997;3835.96536796493;2797.226987708267;2024.8766233763918;337.48620102198737;1339.8831263674078;2529.3821932671776
10;145.7557022808081;95.17107583764209;813.906485670981;333.6479802145527;79.53131908622241;380.16706924324666;508.06640237868675;65.05364677518725;779.3106947697399;100.8121603259809;359.3111380144385;854.7063356172777;140.16103896107904;587.4556765157837;1161.7478031639628;843.6732066214;821.0617075233274;279.03012589933655;149.06629834253306;780.0289103035459
11;31.01606922124442;41.681063122993685;15.431734317353857;90.42162162152582;38.96273291926193;29.80047505941966;32.25192802054169;68.55737704914071;244.62952646226728;9.569794050368259;99.30870712394383;175.06046511620866;144.76153846175637;104.84122562668598;326.5770065075744;90.1293103448858;133.46808510634705;320.9441860463825;0.0;177.01587301583368
12;2577.556503370942;2632.4041627853885;13207.013958722539;3406.815775259536;3287.0235128618797;6819.818123015346;4995.135685889313;1485.9555591213455;29546.23021020665;1243.9713944497553;1490.481901676047;18359.77171872209;557.880266445132;20935.921346470204;39231.98166898274;12692.472605597282;11030.171494994514;1413.549960547136;14122.383781262355;15079.813284347329
13;16624.70812065947;4066.9692058211954;138872.6413154141;126652.64325559455;12852.329660097881;30706.66704294101;94405.17161558481;2295.677243880286;91068.37795276442;4588.388084787379;10461.805595633032;98907.64424436056;8276.415548978792;79211.17488787304;110892.29970023617;38883.71818835899;26519.622599134567;5137.699258259714;98626.0525712819;67130.33410893453
14;2513.8270209161965;714.6006749160053;3623.269961978001;1797.0846645353588;509.4152479646872;4457.988240235522;1787.0042194061814;1020.4556074760471;1785.4974704887031;1087.9667686921266;586.3607594948362;3514.16427889467;722.9546865312867;3051.5388683248902;2851.4812189924496;2900.8219178102377;2377.7334919683885;817.4340258287036;1962.5135623908802;3277.421704295835
15;375.58689890193386;856.3381294970525;730.3635526917685;282.59971509984524;100.39726720642192;683.6239864861546;1401.8989317992389;110.6750348675588;1395.5654761917506;94.04918518518454;417.6526315791512;2367.3039154738653;136.11320754728305;2083.1037677570866;2315.472799208075;2580.9903772140365;1136.204999999476;295.3256419799657;3799.639042361555;3114.1362342399298
16;21499.171705888686;56806.94808749644;149464.851806933;87688.77278635313;18146.438255002893;65319.22876342636;62070.3612115685;11755.398494281;133964.28588192427;12520.303770307682;18471.775409210128;153088.68550168246;11356.498036841991;127820.43015575604;211028.62483991444;93230.00333013343;81632.14737098283;10077.164679731392;129202.30084877972;133631.52540872188
17;6634.187488184057;7364.178963908829;14183.819752072803;10334.195103300022;3125.9448884667163;17088.14256903072;14848.571038773714;5633.196858527463;19369.688025527827;4130.044585005314;5586.36058912946;28991.250509139943;2983.9809446595164;26859.630797787075;30150.895465026;16764.536443140605;14866.01862348641;5048.607263271661;30561.56545213464;25714.93004820832
18;174.81039325839555;224.61538461516;205.55739058627265;199.09090909071;129.9507793272887;321.65520403491234;94.16088765592006;46.46817248462277;546.090733590957;80.10619469024748;82.49088699884146;829.7666666673849;0.0;810.8469055382874;1299.774358974227;287.9565868261695;184.8856209148919;97.84434836325254;341.15577889469444;404.79557069808715
19;202.58493506494568;106.20261437882249;1062.9267110849592;537.4987277349555;279.55268817207036;353.1067815661526;438.7668766879118;154.48487467591036;647.2142426070959;132.76995600257817;87.36021505377198;1278.7921300248897;72.94725028059504;338.8738269033967;616.2028029672074;481.72633979436046;470.417370325462;83.94317343169166;409.423622047701;741.802173912623
20;1105.0108818011197;3580.887898085678;4324.469815194082;2668.7316673470295;262.68544995814364;747.2906467401244;266.0417376491898;380.3956425637504;1535.05733944973;1595.7397747484702;4026.00203527314;2116.604689205698;456.4603580554335;3149.16019032235;1336.5793499045942;1260.2988107026679;1754.0048465277362;824.3151227235556;614.3752151483445;1278.6077075106448
